code,title,title_url,num_comments,page_split
mo0zva,레디 플레이어 원,ready-player-one-2017,7007,700
mkydn6,곤지암,gonjiam-2018,2465,246
mj3djw,퍼시픽 림: 업라이징,pacific-rim-2-2017,1682,168
m52kfq,지금 만나러 갑니다,jigeum-mannareo-gabnida-2017,2014,201
mdbyzc,사라진 밤,sarajin-bam-gaje-2017,1047,104
mt5t7t,리틀 포레스트,riteul-poreseuteu-2017,5898,589
mhuy7h,궁합,gunghab-2015,890,89
m3i741,골든슬럼버,goldeun-seulreombeo-gaje-2017,2121,212
mjnimq,블랙 팬서,black-panther-2018,8574,857
m2g7su,조선명탐정: 흡혈괴마의 비밀,joseonmyeongtamjeong3-2017,1683,168
m4d83i,메이즈 러너: 데스 큐어,the-maze-runner-the-death-2017,3131,313
m27v7v,그것만이 내 세상,geugeosmani-nae-sesang-2017,2822,282
mayhiq,코코,coco-2017,9849,984
mlxhds,쥬만지: 새로운 세계,jumanji-welcome-to-the-2017,2322,232
mkd8fi,1987,1987-gaje-2017,10199,1019
mjm2ry,신과함께-죄와 벌,singwa-hamgge-2013,12455,1245
mqbtlz,위대한 쇼맨,deo-geureitiseuteu-0,6377,637
m8xuua,강철비,steel-rain-2017,5846,584
maggke,기억의 밤,gieogyi-bam-gaje-2017,3326,332
m2zfsg,꾼,ggun-2016,3096,309
mymejg,저스티스 리그,justice-league-2017,5646,564
m74sqk,해피 데스데이,happy-death-day-2017,3219,321
m6vy0k,부라더,buradeo-2017,1288,128
mb4cf3,토르: 라그나로크,thor-ragnarok-2017,9272,927
mvxh4y,지오스톰,geostorm-2017,1826,182
myyuth,남한산성,namhansanseong-2016,5525,552
mvll83,범죄도시,beomjoedosi-2017,8252,825
mxop45,킹스맨: 골든 서클,kingsman-the-golden-2017,9826,982
mma5g7,아이 캔 스피크,i-can-speak-2017,5544,554
m1uin4,킬러의 보디가드,the-hitmans-bodyguard-2017,5357,535
myedee,브이아이피,vip-2016,2949,294
mws5lp,장산범,jangsanbeom-2015,1939,193
mvwvwd,혹성탈출: 종의 전쟁,war-for-the-planet-of-the-2017,5126,512
mzx5mv,애나벨: 인형의 주인,annabelle-2-2017,2622,262
miuh2h,청년경찰,ceongnyeongyeongcal,4986,498
me3wcm,택시운전사,taegsi-unjeonsa-gaje-2016,10115,1011
m5bw18,슈퍼배드 3,despicable-me-3-2017,1873,187
mx3jow,군함도,gunhamdo-2016,5601,560
m32ok4,덩케르크,dunkirk-2017,13712,1371
m4ezvh,스파이더맨: 홈커밍,spider-man-homecoming-2017,10939,1093
midvtx,박열,bagyeol-2017,4636,463
m1ogwp,트랜스포머: 최후의 기사,transformers-5-2017,3149,314
mwa8mb,하루,haru-gaje-2016,1572,157
mzb0ja,악녀,agnyeo-2016,4098,409
my3kbz,미이라,the-mummy-2017,4095,409
m2hjlm,원더 우먼,wonder-woman-2017,7185,718
mnifcf,노무현입니다,project-n-2017,3177,317
m3xlkh,캐리비안의 해적: 죽은 자는 말이 없다,pirates-of-the-caribbean-2013,4534,453
m5nj8f,겟 아웃,get-out-2017,9261,926
mt136i,에이리언: 커버넌트,prometheus-2-2014,5170,517
mbj8df,보스 베이비,the-boss-baby-2017,2659,265
mthg0d,악마는 프라다를 입는다,the-devil-wears-prada-2006,3031,303
mqdtac,가디언즈 오브 갤럭시 VOL. 2,guardians-of-the-galaxy-2017,8760,876
mnm2sd,보안관,boangwan-2016,2410,241
my2z2m,임금님의 사건수첩,imgeumnimyi-sageonsuceob-2016,1967,196
m8dh1l,특별시민,teugbyeolsimin-2016,2997,299
mvc1dc,분노의 질주: 더 익스트림,furious-8-2017,3824,382
m56mt0,프리즌,deo-peurijeun-2016,2980,298
mddlic,미녀와 야수,beauty-and-the-beast-2017,7420,742
mfbs1r,콩: 스컬 아일랜드,kong-skull-island-2017,2571,257
ml3rhp,로건,eontaiteuldeu-ulbeorin-0,9620,962
m3zkc0,해빙,haebing-2015,2144,214
m6za0q,23 아이덴티티,split-2017,5677,567
m2romt,재심,jaesim-gaje-2016,2758,275
mfjqtq,조작된 도시,jojagdoen-dosi-gaje-2015,3221,322
mjc0li,더 킹,deo-king-2016,7899,789
mipkdn,공조,gongjo-gaje-2016,5301,530
mvev71,모아나,moana-2016,5004,500
mwfuae,너의 이름은.,your-name-2016,12752,1275
m5zsxc,로그 원: 스타워즈 스토리,rogue-one-a-star-wars-2016,3986,398
m54e77,씽,sing-2016,2569,256
m8kzh7,마스터,master-2016,6227,622
mxfqgl,"당신, 거기 있어줄래요",dangsin-geogi-2015,3140,314
m0uer2,판도라,pandora-2015,3763,376
mt77gp,라라랜드,la-la-land-2016,21101,2110
m5mt3m,미씽: 사라진 여자,missing-2015,3663,366
m5qjnb,형,hyeong-gaje-2015,3134,313
m56i7d,신비한 동물사전,pantaseutig-biseuteu-0,9730,973
mdn2np,닥터 스트레인지,doctor-strange-2016,11213,1121
m4be4b,럭키,key-of-life-2015,6422,642
m7kg75,맨 인 더 다크,dont-breathe-2016,4140,414
mi560u,미스 페레그린과 이상한 아이들의 집,miss-peregrines-home-for-2016,5487,548
mqxttx,아수라,dogbido-2010,5781,578
myxl8a,벤허,ben-hur-2016,1010,101
m68sad,밀정,miljeong-gaje-2015,8035,803
mnyyug,라이트 아웃,lights-out-2016,1761,176
m6j4sf,스타트렉 비욘드,star-trek-3-2016,3948,394
maai66,터널,teoneol-2015,8465,846
mkz35l,마이펫의 이중생활,the-secret-life-of-pets-2016,2972,297
mawigs,덕혜옹주,deoghyeongju-0,4224,422
mzv6i8,수어사이드 스쿼드,suicide-squad-2016,8372,837
mss35q,인천상륙작전,inceonsangryugjagjeon-2015,3609,360
mtujsh,제이슨 본,untitled-matt-damon-slash-2016,5143,514
mi643i,부산행,busanhaeng-2014,13907,1390
md2aby,나우 유 씨 미 2,now-you-see-me-2-2014,5190,519
mucfah,봉이 김선달,gimseondal-2015,1551,155
mvnuvf,도리를 찾아서,finding-nemo-2-2016,3950,395
m6linr,굿바이 싱글,gajoggyehoeg-2015,2585,258
m3e55e,인디펜던스 데이: 리써전스,independence-day-2-0,2346,234
m3fauc,특별수사: 사형수의 편지,gamogeseo-true-pyeonji-2015,1408,140
mup4c5,워크래프트: 전쟁의 서막,warcraft-2013,3599,359
m3707g,컨저링 2,keonjeoring-2-0,2571,257
m4xfrb,정글북,jeonggeulbug-0,3787,378
mvua63,아가씨,agassi-2015,12136,1213
m46wx1,엑스맨: 아포칼립스,x-men-apocalypse-2016,6602,660
mwgxmc,곡성(哭聲),gogseong-2014,15666,1566
mpua4i,탐정 홍길동: 사라진 마을,myeongtamjeong-2014,3282,328
m5mdvx,캡틴 아메리카: 시빌 워,captain-america-3-2016,10144,1014
map2fw,시간이탈자,siganitalja-2014,1740,174
m5fr0v,"날, 보러와요",nal-boreowayo,1298,129
muz6xu,배트맨 대 슈퍼맨: 저스티스의 시작,man-of-steel-2-2015,6672,667
mjg36r,귀향,gwihyang-2015,3534,353
mjjua7,데드풀,deadpool-2014,9749,974
me8chg,주토피아,zootopia-2016,11855,1185
mnnww7,동주,dongju-2015,6770,677
mxt5a6,검사외전,geomsa-oejeon-2014,8244,824
mogmua,쿵푸팬더 3,kung-fu-panda-3-2016,2946,294
m3ory5,오빠생각,obba-saenggag-2015,931,93
ml38m7,레버넌트: 죽음에서 돌아온 자,the-revenant-2015,8276,827
my5wam,굿 다이노,the-good-dinosaur-2014,1551,155
mrbgco,셜록: 유령신부,syeolrog-0,4102,410
m2bz6e,몬스터 호텔 2,hotel-transylvania-2-2015,640,64
mczwk0,스타 워즈: 깨어난 포스,star-wars-episode-vii-2015,5570,557
mrvl7q,대호,daeho-2014,2798,279
mpjhfc,히말라야,himalraya-gaje-2013,3713,371
mtndts,내부자들,naebujadeul-2014,9797,979
m4y0ci,007 스펙터,bond-24-2014,4122,412
mtb5m7,검은 사제들,geomeun-sajedeul-2015,8931,893
mk8cqg,그놈이다,geu-nomida-2015,1139,113
mal5bo,더 폰,deo-pon-gaje-2015,2036,203
mwrzno,성난 변호사,seongnan-byeonhosa-gaje-2014,2399,239
mc4mas,마션,the-martian-2015,10990,1099
mlqosw,인턴,the-intern-2015,9203,920
mkyjq6,탐정 : 더 비기닝,tamjeong-2015,2324,232
modi2w,메이즈 러너: 스코치 트라이얼,maze-runner-scorch-2015,4925,492
mss84l,사도,sado-gaje-2014,7972,797
mb4i55,앤트맨,ant-man-2015,6925,692
mndtm0,뷰티 인사이드,byuti-insaideu-2014,10159,1015
m0e0ng,베테랑,beterang-2014,12679,1267
mstx8q,미션 임파서블: 로그네이션,mission-impossible-5-2015,5933,593
m5k0l3,미니언즈,the-minions-2015,3650,365
mfbyqj,암살,amsal-gaje-2015,10465,1046
mbypgz,인사이드 아웃,inside-out-2015,13194,1319
m3bfio,터미네이터 제니시스,terminator-5-0,3724,372
mhhmd7,극비수사,geugbisusa-2014,3688,368
m8soui,쥬라기 월드,jurassic-park-iv-2012,6971,697
m355aw,연평해전,n-dot-l-l-dot-2013,3403,340
mhjiow,샌 안드레아스,san-andreas-3d-2014,2837,283
mg6l24,스파이,susan-cooper-2015,5678,567
mptg5z,간신,gansin-gaje-2014,2622,262
mpgxes,매드맥스: 분노의 도로,mad-max-fury-road-2013,13142,1314
m63qmm,악의 연대기,agyi-yeondaegi,2775,277
m51qxx,차이나타운,koinrokeogeol-2014,3623,362
mrz65z,어벤져스: 에이지 오브 울트론,the-avengers-2-2015,8631,863
mcnarw,장수상회,jangsusanghoe-gaje-2014,1475,147
mu2418,분노의 질주: 더 세븐,fast-and-furious-7-2014,3955,395
m0elaf,스물,seumul-gaje-2014,5559,555
m5k7a7,위플래쉬,whiplash-2014,15228,1522
mng32c,이미테이션 게임,the-imitation-game-2014,7184,718
mximp4,킹스맨 : 시크릿 에이전트,the-secret-service-2015,14919,1491
mrmex0,조선명탐정 : 사라진 놉의 딸,joseonmyeongtamjeong-2,2595,259
mcul85,쎄시봉,ssesibong-2014,2337,233
m5s50h,강남 1970,gangnambeulruseu-2014,1980,198
mxy831,빅 히어로,big-hero-6-2014,5879,587
majtha,오늘의 연애,2010-0,2748,274
meojnp,박물관이 살아있다 : 비밀의 무덤,night-at-the-museum-3-2014,1157,115
me8v1z,테이큰 3,teikeun-3-0,2419,241
mpost4,마다가스카의 펭귄,the-penguins-of-2015,1370,137
mdpstx,기술자들,gisuljadeul-2014,2223,222
mcrbun,국제시장,gugjesijang-2013,7105,710
msljhi,호빗: 다섯 군대 전투,the-hobbit-there-and-back-2014,4120,412
ml8fg3,엑소더스: 신들과 왕들,exodus-2014,2115,211
mqy3hj,"님아, 그 강을 건너지 마오",dont-cross-that-river-2014,4044,404
mj7n7e,빅매치,bigmaeci-gaje-2014,1776,177
mfe6wu,퓨리,fury-2014,3952,395
mrql0a,인터스텔라,interstellar-2012,16158,1615
mtd1mb,나를 찾아줘,gone-girl-2014,9958,995
mp12kj,드라큘라: 전설의 시작,dracula-untold-2014,1731,173
mx0l4f,나의 사랑 나의 신부,nayi-sarang-nayi-sinbu-2014,2614,261
mg5qn3,제보자,jeboja-2014,2724,272
mgimev,슬로우 비디오,slow-video-2013,1877,187
mitzzb,메이즈 러너,the-maze-runner-2014,6083,608
my1nf4,루시,lucy-2014,6689,668
mjom4q,타짜 - 신의 손,tajja-2-2012,4631,463
mnkae3,두근두근 내 인생,dugeundugeun-nae-insaeng-2014,1663,166
mkwf4r,인투 더 스톰,black-sky-2013,2475,247
mntuop,해무,haemu-2014,3739,373
mk4kyg,비긴 어게인,can-a-song-save-your-2013,11664,1166
m0uxc5,해적: 바다로 간 산적,haejeog-2013,5464,546
mt4hi4,가디언즈 오브 갤럭시,guardians-of-the-galaxy-2014,8495,849
myzist,명량,myeongryang-hoeoribada-2012,10043,1004
mra52i,드래곤 길들이기 2,how-to-train-your-dragon-2014,2714,271
mnerjj,군도:민란의 시대,gundo-2012,7073,707
m7v0un,혹성탈출: 반격의 서막,dawn-of-the-planet-of-the-2014,5034,503
m0kd08,신의 한 수,sinyi-han-su-2013,4014,401
mrj1qm,트랜스포머: 사라진 시대,transformers-4-2014,4984,498
mceqxs,엣지 오브 투모로우,all-you-need-is-kill-2014,6699,669
muiysd,끝까지 간다,mudeomggaji-ganda-2013,6862,686
meqa5f,말레피센트,maleficent-2014,3103,310
mh3gkw,엑스맨: 데이즈 오브 퓨처 패스트,x-men-days-of-future-2014,5041,504
mkpnzb,인간중독,inganjungdog-2013,1851,185
m2v1xc,역린,yeogrin-2014,2864,286
mpjlib,표적,pyojeog-gaje-2014,1813,181
mrx11j,어메이징 스파이더맨 2,the-amazing-spider-man-2-2014,4027,402
mlsy4n,캡틴 아메리카: 윈터 솔져,captain-america-the-2014,5139,513
mue0so,노아,noah-2014,1850,185
m24rzs,우아한 거짓말,uahan-geojismal-2013,1543,154
moapvh,300: 제국의 부활,300-rise-of-an-empire-2013,1908,190
mp4u1l,논스톱,non-stop-2013,2488,248
mk76i0,폼페이: 최후의 날,pompeii-2014,1326,132
mizwpr,찌라시 : 위험한 소문,wiheomhan-somun-jjirasi-2013,931,93
mnuz2a,수상한 그녀,miss-granny-2014,4319,431
mjnzpy,남자가 사랑할 때,namjaga-saranghal-ddae-2013,2129,212
mv21ze,피끓는 청춘,piggeulhneun-ceongcun-2014,1666,166
mzsb4x,겨울왕국,frozen-2013,7908,790
m4foq4,용의자,yongyija-2012,2006,200
m4rnoo,호빗: 스마우그의 폐허,the-hobbit-the-desolation-2013,2374,237
masq5a,집으로 가는 길,jibeuro-ganeun-gil-2012,1226,122
mavtqc,어바웃 타임,about-time-2013,10470,1047
mxgc8u,헝거게임: 캣칭 파이어,the-hunger-games-catching-2013,2434,243
mo65yr,결혼전야,gyeolhonjeonya-2013,846,84
m6f5yk,친구2,friend-2-2013,1421,142
meusbr,동창생,dongcangsaeng-2012,810,81
m6fhqj,토르: 다크 월드,thor-the-dark-world-2013,2871,287
mjssi2,공범,gongbeom-2012,1093,109
mqt6x3,그래비티,gravity-2013,8739,873
mm647p,화이 : 괴물을 삼킨 아이,hwai-2012,2953,295
mr3jga,소원,soweon-2013,1715,171
mj8iun,깡철이,ggangceoli-2012,562,56
maeeu3,컨저링,the-conjuring-2013,3067,306
mvwovi,스파이,hyeobsangjonggyeolja-2012,1068,106
mkdyom,엘리시움,elysium-2013,1841,184
msiz3p,나우 유 씨 미 : 마술사기단,now-you-see-me-2013,4506,450
mja5f1,숨바꼭질,Hide-and-Seek-2013,2964,296
m56zuh,감기,THE-FLU-2013,2038,203
mk54ix,설국열차,snowpiercer-2013,6163,616
mxum57,더 테러 라이브,The-Terror-LIVE-2013,4535,453
mkakwb,더 울버린,the-wolverine-2013,1719,171
mo8le4,터보,turbo-2013,181,18
mct0jb,레드: 더 레전드,red2-2013,1389,138
mocq85,미스터 고,Mr-Go-2012,750,75
mglvfs,퍼시픽 림,pacific-rim-2013,3363,336
m0jvyh,감시자들,Cold-Eyes-2013,2672,267
m3vcz7,더 웹툰: 예고살인,iyagi-2012,796,79
mdam37,월드워Z,world-war-z-2013,4100,410
mellja,맨 오브 스틸,man-of-steel-2013,3240,324
ml1hxu,은밀하게 위대하게,secretly-greatly-2012,3604,360
ms0kcx,스타트렉 다크니스,star-trek-into-darkness-2013,2590,259
mdgfqe,분노의 질주: 더 맥시멈,the-fast-and-the-furious-2013,958,95
m23yek,위대한 개츠비,the-great-gatsby-2013,4463,446
mcl4pv,몽타주,mongtaju-2012,768,76
m6vzou,고령화가족,goryeonghwagajog-2013,959,95
mm8zqe,아이언맨 3,iron-man-3-2013,3431,343
msxhok,오블리비언,oblivion-2013,1813,181
mmc714,전설의 주먹,jeonseolyi-jumeog-2012-1,866,86
ms0u2q,런닝맨,runningman-2012,627,62
ml04z6,지.아이.조 2,gi-joe-retaliation-2013,817,81
magpxx,연애의 온도,yeonaeyi-truedo-2012-1,3037,303
mnotlx,파파로티,paparoti-2012,1126,112
mtgrbt,웜 바디스,warm-bodies-2013,2510,251
mjhf1r,신세계,sinsegye-2012,5782,578
mznrqy,다이하드: 굿 데이 투 다이,a-good-day-to-die-hard-2013,805,80
magenu,베를린,the-berlin-file-2012,2686,268
mdweh0,박수건달,bagsugeondal-2012,986,98
mpta0t,라이프 오브 파이,life-of-pi-2012,5873,587
mbqdkn,타워,tower-2012,1208,120
mhgox8,가문의 영광5-가문의 귀환,gamunyi-yeonggwang5-2012,277,27
mnizhx,반창꼬,bancangggo-2012,1445,144
m0o5zh,호빗 : 뜻밖의 여정,the-hobbit-an-unexpected-2012,1930,193
mm1jup,나의 PS 파트너,nayi-ps-pateuneo-2012,1284,128
mxop24,가디언즈,rise-of-the-guardians-2012,1777,177
mzxagr,브레이킹 던 part2,the-twilight-saga-2012,986,98
mj6jfk,내가 살인범이다,naega-salinbeomida-2012,1711,171
mhptrv,늑대소년,a-werewolf-boy-2012,2654,265
mmliep,007 스카이폴,skyfall-2012,2706,270
m22h2y,용의자X,perfect-number-2012,1210,121
maxs87,회사원,a-company-man-2012,1113,111
mhrpii,테이큰 2,taken-2-2012,1367,136
mkikz2,메리다와 마법의 숲,brave-2012,1152,115
mcz67h,간첩,ganceob-2012,389,38
m0dwnk,본 레거시,the-bourne-legacy-2012,1146,114
mlg6fr,공모자들,gongmojadeul-2012,1231,123
mz5nqi,이웃사람,iussaram-2012,1423,142
mvpjmp,토탈 리콜,total-recall-2012,1028,102
m4ikek,알투비:리턴투베이스,altubi-riteontubeiseu-2012,679,67
m8npt3,바람과 함께 사라지다,baramgwa-hamgge-sarajida-2012,979,97
mqzzdg,새미의 어드벤쳐 2,sammys-avonturen-2-2012,27,2
miyhxl,아이스 에이지 4: 대륙 이동설,ice-age-continental-2012,200,20
ms8t2k,다크 나이트 라이즈,the-dark-knight-rises-2012,3696,369
mrhfga,연가시,deranged-2012,1639,163
m25rjp,어메이징 스파이더맨,the-amazing-spider-man-2012,2061,206
mthwkd,마다가스카3 : 이번엔 서커스다!,madagascar-3-europes-most-2012,447,44
mvi300,후궁 : 제왕의 첩,hugung-jewangyi-ceob-2012,710,71
myzibu,차형사,runway-cop-2012,691,69
m85knc,맨 인 블랙 3,men-in-black-3-2012,978,97
mvastk,돈의 맛,the-taste-of-money-2012,792,79
mk035p,내 아내의 모든 것,all-about-my-wife-2012,2317,231
mvvg6n,코리아,as-one-2012,682,68
m3smdg,어벤져스,the-avengers-2012,3797,379
mkko2n,은교,eungyo-2012,2296,229
mb7ozq,간기남,the-scent-2012,566,56
myw21v,언터처블: 1%의 우정,untouchable-2011,2159,215
mi2x6x,건축학개론,geoncughaggaeron-2012,4263,426
m5trs6,화차,hwaca-2012,2219,221
m3nztr,러브픽션,reobeupigsyeon-2011,1324,132
mkxmg8,하울링,howling-2012,529,52
mh7hlp,범죄와의 전쟁 : 나쁜놈들 전성시대,beomjoewayi-jeonjaeng-2011,3254,325
mlh63p,점박이 : 한반도의 공룡3D,jeombagi-hanbandoyi-2011,106,10
mjesnp,잃어버린 세계를 찾아서 2 : 신비의 섬,journey-2-the-mysterious-2011,321,32
md0aqa,부러진 화살,unbowed-2011,972,97
ml1j18,댄싱퀸,daensingkwin-2012,903,90
mszfh1,마이웨이,my-way-2011,887,88
mclymj,퍼펙트 게임,peopegteu-geim-2011,953,95
mwjodr,셜록홈즈 : 그림자 게임,sherlock-holmes-a-game-of-2011,1007,100
mwr1c6,미션 임파서블 : 고스트 프로토콜,mission-impossible-ghost-2011,1715,171
mnbgb2,오싹한 연애,ossaghan-yeonae-2011,1031,103
m1saco,브레이킹 던 part1,the-twilight-saga-2011,691,69
mond3w,특수본,teugsubon-2011,300,30
m8awv7,신들의 전쟁,immortals-2011,438,43
milw5z,오직 그대만,ojig-geudaeman-2011,802,80
mdkl38,완득이,wandeugi-2011,1716,171
mash3e,리얼 스틸,real-steel-2011,1776,177
mtytwy,의뢰인,the-client-2011,1077,107
m5auhd,가문의 영광 4 - 가문의 수난,gamunyi-yeonggwang-4-2011,319,31
mb7xbv,혹성탈출: 진화의 시작,rise-of-the-planet-of-the-2011,2542,254
msr78t,개구쟁이 스머프,the-smurfs-2011,188,18
mzxgsr,최종병기 활,war-of-the-arrows-2011,2031,203
ms0tq6,블라인드,beulraindeu-2011,894,89
m83bhc,7광구,sector-7-2011,1618,161
m0ahwp,마당을 나온 암탉,a-hen-into-the-wild-2011,954,95
mtc1ky,퀵,kwig-2011,1207,120
m4i1dy,해리 포터와 죽음의 성물 - 2부,harry-potter-and-the-2011,2313,231
mjl2w4,엑스맨: 퍼스트 클래스,x-men-first-class-2011,2637,263
mitx0w,쿵푸팬더 2,kung-fu-panda-2-2011,950,95
mpj7jp,캐리비안의 해적: 낯선 조류,pirates-of-the-caribbean-2011,1090,109
mnh8fb,소스 코드,source-code-2011,2274,227
myrr0v,써니,sunny-2011,2949,294
me47yc,토르: 천둥의 신,thor-2011,2139,213
m2r0hh,분노의 질주: 언리미티드,fast-five-2011,632,63
mocf18,수상한 고객들,susanghan-gogaegdeul-2011,487,48
mabx1u,위험한 상견례,wiheomhan-sanggyeonrye-2011,615,61
mqzdsa,월드 인베이젼,world-invasion-battle-la-2011,646,64
m10mnl,블랙 스완,black-swan-2010,3833,383
mavt4p,그대를 사랑합니다,geudaereul-saranghabnida-2010,762,76
mvyi42,아이들...,aideul-dot-dot-dot-2011,368,36
mrkxvb,라푼젤,tangled-2010,3174,317
mi4f8s,걸리버 여행기,gullivers-travels-2010,493,49
mtbzqo,조선명탐정 : 각시투구꽃의 비밀,detective-k-2011,1252,125
mrjyoc,평양성,battlefield-heroes-2010,464,46
m8cw8u,글러브,g-love-2011,477,47
m3rkux,심장이 뛴다,simjangi-ddwinda-2010,215,21
m0zd77,라스트 갓파더,the-last-godfather-2010,1240,124
mk8mtn,황해,hwanghae-2010,2435,243
moliec,헬로우 고스트,hello-ghost-2010,1488,148
m5b2rc,해리 포터와 죽음의 성물 - 1부,harry-potter-and-the-2010,1087,108
mdtsh6,나니아 연대기: 새벽 출정호의 항해,the-chronicles-of-narnia-2010,436,43
m8ncrz,김종욱 찾기,gimjongug-cajgi-2010,2157,215
mntllh,쩨쩨한 로맨스,petty-romance-2010,462,46
mksqaw,초능력자,haunters-2010,1382,138
mogs6w,부당거래,the-unjust-2010,2898,289
mqcr20,심야의 FM,midnight-fm-2010,419,41
m1hsl3,슈퍼배드,despicable-me-2010,1361,136
mbj6nm,시라노; 연애조작단,sirafalse-yeonaejojagdan-2010,1433,143
mt536r,무적자,a-better-tomorrow-2010,225,22
mtg6ep,마루 밑 아리에티,the-borrowers-2010,1042,104
mwbxk6,해결사,haegyeolsa-2010,240,24
medzop,라스트 에어벤더,the-last-airbender-2010,463,46
m5i704,악마를 보았다,i-saw-the-devil-2010,3243,324
mnfnm4,토이 스토리 3,toy-story-3-2010,3718,371
mlviqx,솔트,salt-2010,874,87
m2r7cf,이끼,moss-2010,1375,137
mzljj3,이클립스,the-twilight-saga-2010,682,68
mzzszo,슈렉 포에버,shrek-forever-after-2010,408,40
msoitg,파괴된 사나이,man-of-vendetta-2010,288,28
moprl2,나잇 & 데이,knight-and-day-2010,1041,104
mddkte,방자전,bangjajeon-2010,937,93
mohygi,페르시아의 왕자: 시간의 모래,prince-of-persia-the-2010,538,53
mav8iv,드래곤 길들이기,how-to-train-your-dragon-2010,2156,215
mqhyjq,로빈 후드,robin-hood-2010,296,29
moqxqy,하녀,the-housemaid-2010,1165,116
m6bxsy,아이언맨 2,iron-man-2-2010,2067,206
mt7nze,구르믈 버서난 달처럼,blades-of-blood-2010,664,66
mp1gqs,베스트셀러,bestseller-2010,205,20
m48i43,타이탄,clash-of-the-titans-2010,525,52
mbndmf,육혈포 강도단,yughyeolpo-gangdodan-2010,233,23
mfxudx,이상한 나라의 앨리스,alice-in-wonderland-2010,1640,164
mspk81,퍼시 잭슨과 번개 도둑,percy-jackson-and-the-2010,1005,100
momlxz,의형제,yihyeongje-2010,1240,124
m54gng,하모니,harmony-2009,1031,103
m6hxpy,용서는 없다,no-mercy-2009,638,63
m7tjbe,셜록 홈즈,sherlock-holmes-2009,1203,120
m8hh0b,전우치,jeon-woochi-the-taoist-2009,2307,230
m0dcoj,아바타,avatar-2009,3812,381
mq2our,시크릿,secret-2009,271,27
myj61d,뉴 문,the-twilight-saga-new-2009,786,78
mqexsi,닌자 어쌔신,ninja-assassin-2009,600,60
mracit,2012,2012-2009,1703,170
mkqvk8,청담보살,ceongdambosal-2009,232,23
m1eu5l,굿모닝 프레지던트,good-morning-president-2009,526,52
mko7si,불꽃처럼 나비처럼,the-sword-with-no-name-2009,302,30
my7tuf,내 사랑 내 곁에,closer-to-heaven-2009,440,44
msqfg6,애자,goodbye-mom-2009,297,29
mjaun2,지.아이.조 - 전쟁의 서막,gi-joe-the-rise-of-cobra-2009,692,69
mb1kaj,업,eob-2009,5099,509
mgdnhf,국가대표,take-off-2009,1884,188
m8gkma,해운대,haeundae-2009,2226,222
mcrory,차우,chaw-2009,724,72
m3if1i,킹콩을 들다,kingkongeul-deulda-2009,357,35
m2f243,거북이 달린다,geobugi-dalrinda-2009,557,55
m5gi12,박물관이 살아있다 2,night-at-the-museum-2-2009,627,62
mgnets,마더,mother-2009,3033,303
mjtnny,터미네이터: 미래전쟁의 시작,terminator-salvation-2009,732,73
mxj146,천사와 악마,angels-and-demons-2009,917,91
md72lb,스타 트렉: 더 비기닝,star-trek-2009,1487,148
mcoqds,엑스맨 탄생: 울버린,x-men-origins-wolverine-2009,1020,102
mbp1dg,박쥐,thirst-2009,2792,279
m40qzg,인사동 스캔들,insadong-scandal-2009,426,42
mqaijm,7급 공무원,7th-grade-civil-servant-2009,822,82
msu7ei,노잉,knowing-2009,929,92
md7c7g,그림자 살인,private-eye-2009,364,36
mn4gf4,슬럼독 밀리어네어,slumdog-millionaire-2008,1934,193
m4dtyu,작전,the-scam-2009,595,59
mnl0cm,벤자민 버튼의 시간은 거꾸로 간다,the-curious-case-of-2008,2861,286
ml51s8,작전명 발키리,valkyrie-2008,635,63
mfh3za,적벽대전 2부 - 최후의 결전,red-cliff-2-2009,440,44
mu4eh3,유감스러운 도시,yugamseureoun-dosi-2008,153,15
my8qs8,워낭소리,old-partner-2008,582,58
mqvxna,마다가스카 2,madagascar-escape-2-2008,237,23
mlfk1z,쌍화점,ssanghwajeom-2008,947,94
mb1q8r,지구가 멈추는 날,the-day-the-earth-stood-2008,707,70
mwzl2f,벼랑 위의 포뇨,ya-falseshang-falseponiyo-2008,1388,138
mb3e36,잃어버린 세계를 찾아서,journey-to-the-center-of-2008,497,49
m54p7d,예스 맨,yes-man-2008,1289,128
m3fpkn,트와일라잇,twilight-2008,1693,169
m2izec,과속스캔들,speed-scandal-2008,1850,185
mc2f6n,서양골동양과자점 앤티크,antique-2008,745,74
mclwpj,미인도,miindo-2008,393,39
mo55fq,007 퀀텀 오브 솔러스,quantum-of-solace-2008,683,68
m3pvxk,아내가 결혼했다,my-wife-got-married-2008,1016,101
m4x8a2,이글 아이,eagle-eye-2008,485,48
mtl4ch,영화는 영화다,rough-cut-2008,753,75
ms5enj,맘마 미아!,mamma-mia-2008,2088,208
mb4g4k,고사: 피의 중간고사,death-bell-2008,802,80
mnvh8p,월-E,wall-e-2008,4054,405
mha0zq,다크 나이트,the-dark-knight-2008,6848,684
mqqntn,미이라 3: 황제의 무덤,the-mummy-tomb-of-the-2008,705,70
mrbepx,눈에는 눈 이에는 이,eye-for-an-eye-2008,257,25
mnbiyl,님은 먼곳에,sunny-2008,453,45
muuvio,"좋은 놈, 나쁜 놈, 이상한 놈",the-good-the-bad-the-2008,1976,197
myn67b,핸콕,hancock-2008,1313,131
m3h53h,원티드,wanted-2008,1875,187
m8yqly,강철중: 공공의 적 1-1,public-enemy-returns-2008,647,64
mmyzz6,섹스 앤 더 시티,sex-and-the-city-2008,377,37
mkwscr,쿵푸팬더,kung-fu-panda-2008,1419,141
mje3pe,나니아 연대기 - 캐스피언 왕자,the-chronicles-of-narnia-2008,510,51
mv5lpd,아이언맨,iron-man-2008,3124,312
mjd3in,포비든 킹덤 - 전설의 마스터를 찾아서,the-forbidden-kingdom-2008,427,42
m2ww4k,테이큰,taken-2008,2929,292
mia68x,삼국지 - 용의 부활,three-kingdoms-2008,183,18
mgmrfv,스텝 업 2 - 더 스트리트,step-up-2-the-streets-2008,472,47
m38bqe,"10,000 BC",000-bc-2008,288,28
m6u85x,밴티지 포인트,vantage-point-2008,510,51
m1ejg4,점퍼,jumper-2008,1393,139
miipzb,추격자,the-chaser-2008,3387,338
majlpq,6년째 연애중,lovers-of-6-years-2007,317,31
me8wal,더 게임,the-game-2007,794,79
mi3rq7,원스 어폰 어 타임,once-upon-a-time-2008,242,24
mmq4ll,우리 생애 최고의 순간,forever-the-moment-2007,549,54
m3onpb,무방비 도시,open-city-2007,352,35
mcd5tv,꿀벌 대소동,bee-movie-2007,324,32
mht65y,내셔널 트레져: 비밀의 책,national-treasure-book-of-2007,327,32
m8dc65,황금나침반,the-golden-compass-2007,626,62
mzay3r,나는 전설이다,i-am-legend-2007,1743,174
mhoc0o,색즉시공 시즌 2,sex-is-zero-2-2007,318,31
monjhe,세븐 데이즈,seven-days-2007,618,61
mp0bz7,"색, 계",lust-caution-2007,1843,184
mnq2mm,식객,le-grand-chef-2007,612,61
myj1nt,궁녀,gong-nu-shadows-in-the-2007,199,19
m04ifp,바르게 살자,going-by-the-book-2007,666,66
m21nay,행복,happiness-2007,730,73
m3arqx,사랑,a-love-2007,251,25
m0u13w,본 얼티메이텀,the-bourne-ultimatum-2007,2053,205
miutep,즐거운 인생,happy-life-2007,374,37
mjjvkn,권순분 여사 납치사건,mission-possible-2007,337,33
muyqlh,만남의 광장,underground-rendez-vous-2007,234,23
myg7xh,지금 사랑하는 사람과 살고 있습니까?,love-now-2007,200,20
m0g5q8,디 워,d-war-2007,2532,253
mhets3,라따뚜이,ratatouille-2007,2731,273
meff5w,다이 하드 4.0,live-free-or-die-hard-2007,757,75
m73ery,해리 포터와 불사조 기사단,harry-potter-and-the-2007,1171,117
m1um48,트랜스포머,transformers-2007,2333,233
mzh7y7,검은 집,black-house-2007,489,48
mdtqc1,오션스 13,oceans-thirteen-2007,507,50
m01m6k,슈렉 3,shrek-the-third-2007,414,41
mmc0bb,황진이,hwang-jin-yi-2007,139,13
mcctgd,캐리비안의 해적 - 세상의 끝에서,pirates-of-the-caribbean-2007,1078,107
mqe0c5,밀양,secret-sunshine-2007,2810,281
m4eyxp,못말리는 결혼,unstoppable-marriage-2007,54,5
mh8gxy,스파이더맨 3,spider-man-3-2007,1253,125
m8whgb,극락도 살인사건,paradise-murdered-2007,426,42
mr4ms0,이장과 군수,small-town-rivals-2007,392,39
m6esbn,300,300-2006,1956,195
ma38kj,그 여자 작사 그 남자 작곡,music-and-lyrics-2007,1356,135
m0qx0b,복면 달호,highway-star-2007,406,40
mqkqgy,1번가의 기적,miracle-on-1st-street-2007,356,35
mfdtmq,바람 피기 좋은 날,a-good-day-to-have-an-2007,198,19
maeygn,그놈 목소리,voice-of-a-murder-2007,755,75
mg2xv2,최강 로맨스,the-perfect-couple-2007,189,18
m2myh6,마파도 2,mapado-2-2007,75,7
m66d6b,허브,herb-2007,178,17
ms5cxn,조폭 마누라 3,my-wife-is-a-gangster-2006,215,21
mcyw5x,박물관이 살아있다!,night-at-the-museum-2006,1145,114
m51lmk,007 카지노 로얄,casino-royale-2006,1321,132
mh7htv,중천,zhong-tian-the-restless-2006,400,40
ma5rxk,미녀는 괴로워,200-pounds-beauty-2006,1663,166
mcedsb,로맨틱 홀리데이,the-holiday-2006,1322,132
m6r675,해바라기,sunflower-2006,1711,171
mnqvyl,거룩한 계보,righteous-ties-2006,377,37
my38rz,라디오 스타,radio-star-2006,1161,116
m7eo0r,가문의 부활 - 가문의 영광 3,marrying-the-mafia-3-2006,266,26
madnqg,우리들의 행복한 시간,maundy-thursday-2006,1076,107
mskxlb,각설탕,lump-of-sugar-2006,293,29
m262tw,몬스터 하우스,monster-house-2006,352,35
mnhv0t,한반도,hanbando-2006,561,56
mg64md,캐리비안의 해적 - 망자의 함,pirates-of-the-caribbean-2006,1051,105
m5n8wf,수퍼맨 리턴즈,superman-returns-2006,461,46
m1ubxw,비열한 거리,a-dirty-carnival-2006,1038,103
mxfcdc,엑스맨 - 최후의 전쟁,x-men-the-last-stand-2006,1135,113
mpun0w,포세이돈,poseidon-2006,250,25
mdgec6,짝패,the-city-of-violence-2006,952,95
m3kjn7,다빈치 코드,the-da-vinci-code-2006,1008,100
mknkjl,미션 임파서블 3,mission-impossible-iii-2006,1005,100
mkfh8n,사생결단,bloody-tie-2006,464,46
mjvy73,맨발의 기봉이,barefoot-gi-bong-2006,386,38
m3yzwv,"달콤, 살벌한 연인",my-scary-girl-2006,473,47
mwj7i2,청춘만화,almost-love-2006,117,11
m0gw4s,음란서생,yin-luan-shu-sheng-2006,327,32
mcczp4,구세주,oh-my-god-2006,68,6
mubuqy,흡혈형사 나도열,vampire-cop-ricky-2006,467,46
m0il00,투사부일체,my-teacher-2005,641,64
mqthmb,홀리데이,holiday-2005,445,44
moygv6,싸움의 기술,the-art-of-fighting-2005,697,69
mw12ng,"나니아 연대기 - 사자, 마녀 그리고 옷장",the-witch-and-the-2005,1345,134
m1l5lg,왕의 남자,er-king-and-the-clown-2005,2202,220
mfxvfz,작업의 정석,the-art-of-seduction-2005,380,38
m2fabg,킹콩,king-kong-2005,1186,118
m64me5,해리 포터와 불의 잔,harry-potter-and-the-2005,1207,120
mxr8la,광식이 동생 광태,when-romance-meets-2005,617,61
mrs2j4,미스터 소크라테스,mr-socrates-2005,362,36
mbp5ts,야수와 미녀,the-beast-and-the-beauty-2005,312,31
m2dj2f,내 생애 가장 아름다운 일주일,all-for-love-2005,297,29
mk4qeu,너는 내 운명,youre-my-sunshine-2005,851,85
m4s0ne,찰리와 초콜릿 공장,charlie-and-the-chocolate-2005,2353,235
mnu70m,가문의 위기 - 가문의 영광 2,marrying-the-mafia-ii-2005,390,39
mniypi,박수칠 때 떠나라,the-big-scene-2005,620,62
mzvmtt,웰컴 투 동막골,welcome-to-dongmakgol-2005,1505,150
mojxyd,친절한 금자씨,sympathy-for-lady-2005,3053,305
mdra8k,아일랜드,the-island-2005,1734,173
ma6dkn,마다가스카,madagascar-2005,518,51
mlk7sq,우주 전쟁,war-of-the-worlds-2005,1612,161
mvvaz4,분홍신,the-red-shoes-2005,212,21
m30na7,미스터 & 미세스 스미스,mr-and-mrs-smith-2005,1257,125
mxbcok,연애의 목적,purpose-of-love-2005,1308,130
m8uksa,간 큰 가족,a-bold-family-2005,123,12
muf3rw,스타 워즈: 시스의 복수,star-wars-episode-iii-2005,1102,110
m64e7i,연애술사,love-in-magic-2005,84,8
mlmazy,혈의 누,blood-rain-2005,359,35
m8uego,댄서의 순정,dancing-princess-2005,299,29
m7u3ah,주먹이 운다,crying-fist-2005,817,81
mrjmaw,달콤한 인생,a-bittersweet-life-2005,2493,249
mki7ot,잠복근무,shes-on-duty-2005,379,37
mbyy04,마파도,mapado-2005,342,34
mzbsa7,파송송 계란탁,pasongsong-gyerantak-2005,236,23
mu4tyb,콘스탄틴,constantine-2005,2573,257
m63tbw,B형 남자친구,my-boyfriend-is-type-b-2005,325,32
mwq1h6,말아톤,malaton-2005,1059,105
m5u3vj,공공의 적 2,another-public-enemy-2005,497,49
mzrb4k,내셔널 트레져,national-treasure-2004,379,37
m0augl,알렉산더,alexander-2004,204,20
m22i2t,하울의 움직이는 성,haurufalsedong-kucheng-2004,3848,384
mbx21c,역도산,rikidozan-a-hero-2004,202,20
m02t7y,브리짓 존스의 일기 - 열정과 애정,bridget-jones-the-edge-of-2004,967,96
m6gomn,오페라의 유령,the-phantom-of-the-opera-2004,800,80
mn7bpi,내 머리 속의 지우개,a-moment-to-remember-2004,1417,141
mxmz5o,이프 온리,if-only-2004,2845,284
msun1f,주홍글씨,the-scarlet-letter-2004,261,26
mal6bh,S 다이어리,s-diary-2004,129,12
m1okpn,우리 형,my-brother-dot-dot-dot-2004,473,47
mj6zqy,귀신이 산다,ghost-house-2004,760,76
mkzdvb,연인,house-of-flying-daggers-2004,206,20
mduj31,가족,a-family-2004,153,15
mefddx,알 포인트,r-point-2004,1500,150
mowzpq,시실리 2km,shi-shi-li-2km-2004,559,55
mrigok,"아이, 로봇",robot-2004,1163,116
m1c2fr,늑대의 유혹,romance-of-their-own-2004,1233,123
m3r075,해리 포터와 아즈카반의 죄수,harry-potter-and-the-2004,1520,152
mvqagi,스파이더맨 2,spider-man-2-2004,1350,135
mg2cox,슈렉 2,shrek-2-2004,562,56
mzdf1e,내 여자친구를 소개합니다,windstruck-2004,474,47
mzi3ll,투모로우,the-day-after-tomorrow-2004,1474,147
mhzwd8,트로이,troy-2004,946,94
